Sleep;Appetite;Interest;Fatigue;Worthlessness;Concentration;Agitation;SuicidalIdeation;SleepDisturbance;Aggression;PanicAttacks;Hopelessness;Restlessness;LowEnergy;DepressionState
1;1;1;5;5;1;5;5;1;5;5;5;5;5;Mild
2;5;5;1;1;5;1;1;5;1;1;1;1;1;Moderate
5;2;2;2;2;2;2;2;2;2;2;2;2;2;Severe
1;1;1;5;5;1;5;5;1;5;5;5;5;5;Nodepression
2;5;5;1;1;5;1;1;5;1;1;1;1;1;Moderate
5;2;2;2;2;2;2;2;2;2;2;2;2;2;Mild
1;1;1;5;5;1;5;5;1;5;5;5;5;5;Nodepression
2;5;5;1;1;5;1;1;5;1;1;1;1;1;Severe
5;2;2;2;2;2;2;2;2;2;2;2;2;2;Moderate
6;1;1;5;5;1;5;5;1;5;5;5;5;5;Mild
2;5;5;6;6;5;6;6;5;6;6;6;6;6;Nodepression
5;2;2;2;2;2;2;2;2;2;2;2;2;2;Mild
1;1;1;5;5;1;5;5;1;5;5;5;5;5;Nodepression
2;5;5;1;1;5;1;1;5;1;1;1;1;1;Severe
5;2;2;2;2;2;2;2;2;2;2;2;2;2;Moderate
1;1;1;5;5;1;5;5;1;5;5;5;5;5;Nodepression
2;5;5;1;1;5;1;1;5;1;1;1;1;1;Mild
5;2;2;2;2;2;2;2;2;2;2;2;2;2;Moderate
1;1;1;5;5;1;5;5;1;5;5;5;5;5;Severe
2;5;5;1;1;5;1;1;5;1;1;1;1;1;Nodepression
5;2;2;2;2;2;2;2;2;2;2;2;2;2;Moderate
1;1;1;5;5;1;5;5;1;5;5;5;5;5;Severe
2;5;5;1;1;5;1;1;5;1;1;1;1;1;Mild
5;2;2;2;2;2;2;2;2;2;2;2;2;2;Nodepression
1;1;1;5;5;1;5;5;1;5;5;5;5;5;Nodepression
2;5;5;1;1;5;1;1;5;1;1;1;1;1;Severe
5;2;2;2;2;2;2;2;2;2;2;2;2;2;Moderate
1;1;1;5;5;1;5;5;1;5;5;5;5;5;Mild
2;5;5;1;1;5;1;1;5;1;1;1;1;1;Nodepression
5;2;2;2;2;2;2;2;2;2;2;2;2;2;Severe
1;1;1;5;5;1;5;5;1;5;5;5;5;5;Moderate
2;5;5;1;1;5;1;1;5;1;1;1;1;1;Mild
5;2;2;2;2;2;2;2;2;2;2;2;2;2;Nodepression
1;1;1;5;5;1;5;5;1;5;5;5;5;5;Moderate
2;5;5;1;1;5;1;1;5;1;1;1;1;1;Severe
5;2;2;2;2;2;2;2;2;2;2;2;2;2;Mild
1;1;1;5;5;1;5;5;1;5;5;5;5;5;Nodepression
2;5;5;1;1;5;1;1;5;1;1;1;1;1;Moderate
5;2;2;2;2;2;2;2;2;2;2;2;2;2;Severe
1;1;1;5;5;1;5;5;1;5;5;5;5;5;Mild
2;5;5;1;1;5;1;1;5;1;1;1;1;1;Nodepression
5;2;2;2;2;2;2;2;2;2;2;2;2;2;Moderate
1;1;1;5;5;1;5;5;1;5;5;5;5;5;Severe
2;5;5;1;1;5;1;1;5;1;1;1;1;1;Mild
5;2;2;2;2;2;2;2;2;2;2;2;2;2;Nodepression
1;1;1;5;5;1;5;5;1;5;5;5;5;5;Moderate
2;5;5;1;1;5;1;1;5;1;1;1;1;1;Severe
5;2;2;2;2;2;2;2;2;2;2;2;2;2;Mild
1;1;1;5;5;1;5;5;1;5;5;5;5;5;Nodepression
2;5;5;1;1;5;1;1;5;1;1;1;1;1;Moderate
5;2;2;2;2;2;2;2;2;2;2;2;2;2;Severe
1;1;1;5;5;1;5;5;1;5;5;5;5;5;Mild
2;5;5;1;1;5;1;1;5;1;1;1;1;1;Nodepression
1;3;5;4;5;1;3;5;3;5;4;3;5;1;Mild
3;3;3;3;3;3;3;3;3;3;3;3;3;3;Moderate
5;5;5;5;5;5;5;5;5;5;5;5;5;5;Nodepression
4;4;4;4;4;4;4;4;4;4;4;4;4;4;Severe
1;1;1;1;1;1;1;1;1;1;1;1;1;1;Nodepression
3;3;3;3;3;3;3;3;3;3;3;3;3;3;Moderate
5;5;5;5;5;5;5;5;5;5;5;5;5;5;Mild
4;4;4;4;4;4;4;4;4;4;4;4;4;4;Severe
1;1;1;1;1;1;1;1;1;1;1;1;1;1;Nodepression
3;3;3;3;3;3;3;3;3;3;3;3;3;3;Moderate
5;5;5;5;5;5;5;5;5;5;5;5;5;5;Mild
4;4;4;4;4;4;4;4;4;4;4;4;4;4;Severe
1;1;1;1;1;1;1;1;1;1;1;1;1;1;Nodepression
3;3;3;3;3;3;3;3;3;3;3;3;3;3;Moderate
5;5;5;5;5;5;5;5;5;5;5;5;5;5;Mild
4;4;4;4;4;4;4;4;4;4;4;4;4;4;Severe
1;1;1;1;1;1;1;1;1;1;1;1;1;1;Nodepression
3;3;3;3;3;3;3;3;3;3;3;3;3;3;Moderate
5;5;5;5;5;5;5;5;5;5;5;5;5;5;Mild
4;4;4;4;4;4;4;4;4;4;4;4;4;4;Severe
1;1;1;1;1;1;1;1;1;1;1;1;1;1;Nodepression
3;3;3;3;3;3;3;3;3;3;3;3;3;3;Moderate
5;5;5;5;5;5;5;5;5;5;5;5;5;5;Mild
4;4;4;4;4;4;4;4;4;4;4;4;4;4;Severe
1;1;1;1;1;1;1;1;1;1;1;1;1;1;Nodepression
3;3;3;3;3;3;3;3;3;3;3;3;3;3;Moderate
5;5;5;5;5;5;5;5;5;5;5;5;5;5;Mild
4;4;4;4;4;4;4;4;4;4;4;4;4;4;Severe
1;1;1;1;1;1;1;1;1;1;1;1;1;1;Nodepression
3;3;3;3;3;3;3;3;3;3;3;3;3;3;Moderate
5;5;5;5;5;5;5;5;5;5;5;5;5;5;Mild
4;4;4;4;4;4;4;4;4;4;4;4;4;4;Severe
1;1;1;1;1;1;1;1;1;1;1;1;1;1;Nodepression
3;3;3;3;3;3;3;3;3;3;3;3;3;3;Moderate
5;5;5;5;5;5;5;5;5;5;5;5;5;5;Mild
4;4;4;4;4;4;4;4;4;4;4;4;4;4;Severe
1;1;1;1;1;1;1;1;1;1;1;1;1;1;Nodepression
3;3;3;3;3;3;3;3;3;3;3;3;3;3;Moderate
5;5;5;5;5;5;5;5;5;5;5;5;5;5;Mild
4;4;4;4;4;4;4;4;4;4;4;4;4;4;Severe
1;1;1;1;1;1;1;1;1;1;1;1;1;1;Nodepression
3;3;3;3;3;3;3;3;3;3;3;3;3;3;Moderate
5;5;5;5;5;5;5;5;5;5;5;5;5;5;Mild
4;4;4;4;4;4;4;4;4;4;4;4;4;4;Severe
1;1;1;1;1;1;1;1;1;1;1;1;1;1;Nodepression
3;3;3;3;3;3;3;3;3;3;3;3;3;3;Moderate
5;5;5;5;5;5;5;5;5;5;5;5;5;5;Mild
4;4;4;4;4;4;4;4;4;4;4;4;4;4;Severe
1;1;1;5;5;1;5;5;1;5;5;5;5;5;Nodepression
2;5;5;1;1;5;1;1;5;1;1;1;1;1;Moderate
5;2;2;2;2;2;2;2;2;2;2;2;2;2;Severe
1;1;1;5;5;1;5;5;1;5;5;5;5;5;Mild
2;5;5;1;1;5;1;1;5;1;1;1;1;1;Nodepression
1;3;5;4;5;1;3;5;3;5;4;3;5;1;Mild
3;3;3;3;3;3;3;3;3;3;3;3;3;3;Moderate
5;5;5;5;5;5;5;5;5;5;5;5;5;5;Nodepression
4;4;4;4;4;4;4;4;4;4;4;4;4;4;Severe
1;1;1;1;1;1;1;1;1;1;1;1;1;1;Nodepression
3;3;3;3;3;3;3;3;3;3;3;3;3;3;Moderate
5;5;5;5;5;5;5;5;5;5;5;5;5;5;Mild
4;4;4;4;4;4;4;4;4;4;4;4;4;4;Severe
1;1;1;1;1;1;1;1;1;1;1;1;1;1;Nodepression
3;3;3;3;3;3;3;3;3;3;3;3;3;3;Moderate
5;5;5;5;5;5;5;5;5;5;5;5;5;5;Mild
4;4;4;4;4;4;4;4;4;4;4;4;4;4;Severe
1;1;1;1;1;1;1;1;1;1;1;1;1;1;Nodepression
3;3;3;3;3;3;3;3;3;3;3;3;3;3;Moderate
5;5;5;5;5;5;5;5;5;5;5;5;5;5;Mild
4;4;4;4;4;4;4;4;4;4;4;4;4;4;Severe
1;1;1;1;1;1;1;1;1;1;1;1;1;1;Nodepression
3;3;3;3;3;3;3;3;3;3;3;3;3;3;Moderate
5;5;5;5;5;5;5;5;5;5;5;5;5;5;Mild
4;4;4;4;4;4;4;4;4;4;4;4;4;4;Severe
1;1;1;1;1;1;1;1;1;1;1;1;1;1;Nodepression
3;3;3;3;3;3;3;3;3;3;3;3;3;3;Moderate
5;5;5;5;5;5;5;5;5;5;5;5;5;5;Mild
4;4;4;4;4;4;4;4;4;4;4;4;4;4;Severe
1;1;1;1;1;1;1;1;1;1;1;1;1;1;Nodepression
3;3;3;3;3;3;3;3;3;3;3;3;3;3;Moderate
5;5;5;5;5;5;5;5;5;5;5;5;5;5;Mild
4;4;4;4;4;4;4;4;4;4;4;4;4;4;Severe
1;1;1;1;1;1;1;1;1;1;1;1;1;1;Nodepression
3;3;3;3;3;3;3;3;3;3;3;3;3;3;Moderate
5;5;5;5;5;5;5;5;5;5;5;5;5;5;Mild
4;4;4;4;4;4;4;4;4;4;4;4;4;4;Severe
1;1;1;1;1;1;1;1;1;1;1;1;1;1;Nodepression
3;3;3;3;3;3;3;3;3;3;3;3;3;3;Moderate
5;5;5;5;5;5;5;5;5;5;5;5;5;5;Mild
4;4;4;4;4;4;4;4;4;4;4;4;4;4;Severe
1;1;1;1;1;1;1;1;1;1;1;1;1;1;Nodepression
3;3;3;3;3;3;3;3;3;3;3;3;3;3;Moderate
5;5;5;5;5;5;5;5;5;5;5;5;5;5;Mild
4;4;4;4;4;4;4;4;4;4;4;4;4;4;Severe
1;1;1;1;1;1;1;1;1;1;1;1;1;1;Nodepression
3;3;3;3;3;3;3;3;3;3;3;3;3;3;Moderate
5;5;5;5;5;5;5;5;5;5;5;5;5;5;Mild
4;4;4;4;4;4;4;4;4;4;4;4;4;4;Severe
1;1;1;1;1;1;1;1;1;1;1;1;1;1;Nodepression
3;3;3;3;3;3;3;3;3;3;3;3;3;3;Moderate
5;5;5;5;5;5;5;5;5;5;5;5;5;5;Mild
4;4;4;4;4;4;4;4;4;4;4;4;4;4;Severe
1;1;1;5;5;1;5;5;1;5;5;5;5;5;Mild
2;5;5;1;1;5;1;1;5;1;1;1;1;1;Moderate
5;2;2;2;2;2;2;2;2;2;2;2;2;2;Severe
1;1;1;5;5;1;5;5;1;5;5;5;5;5;Nodepression
2;5;5;1;1;5;1;1;5;1;1;1;1;1;Moderate
5;2;2;2;2;2;2;2;2;2;2;2;2;2;Mild
1;1;1;5;5;1;5;5;1;5;5;5;5;5;Nodepression
2;5;5;1;1;5;1;1;5;1;1;1;1;1;Severe
5;2;2;2;2;2;2;2;2;2;2;2;2;2;Moderate
6;1;1;5;5;1;5;5;1;5;5;5;5;5;Mild
2;5;5;6;6;5;6;6;5;6;6;6;6;6;Nodepression
5;2;2;2;2;2;2;2;2;2;2;2;2;2;Mild
1;1;1;5;5;1;5;5;1;5;5;5;5;5;Nodepression
2;5;5;1;1;5;1;1;5;1;1;1;1;1;Severe
5;2;2;2;2;2;2;2;2;2;2;2;2;2;Moderate
1;1;1;5;5;1;5;5;1;5;5;5;5;5;Nodepression
2;5;5;1;1;5;1;1;5;1;1;1;1;1;Mild
5;2;2;2;2;2;2;2;2;2;2;2;2;2;Moderate
1;1;1;5;5;1;5;5;1;5;5;5;5;5;Severe
2;5;5;1;1;5;1;1;5;1;1;1;1;1;Nodepression
5;2;2;2;2;2;2;2;2;2;2;2;2;2;Moderate
1;1;1;5;5;1;5;5;1;5;5;5;5;5;Severe
2;5;5;1;1;5;1;1;5;1;1;1;1;1;Mild
5;2;2;2;2;2;2;2;2;2;2;2;2;2;Nodepression
1;1;1;5;5;1;5;5;1;5;5;5;5;5;Nodepression
2;5;5;1;1;5;1;1;5;1;1;1;1;1;Severe
5;2;2;2;2;2;2;2;2;2;2;2;2;2;Moderate
1;1;1;5;5;1;5;5;1;5;5;5;5;5;Mild
2;5;5;1;1;5;1;1;5;1;1;1;1;1;Nodepression
5;2;2;2;2;2;2;2;2;2;2;2;2;2;Severe
1;1;1;5;5;1;5;5;1;5;5;5;5;5;Moderate
2;5;5;1;1;5;1;1;5;1;1;1;1;1;Mild
5;2;2;2;2;2;2;2;2;2;2;2;2;2;Nodepression
1;1;1;5;5;1;5;5;1;5;5;5;5;5;Moderate
2;5;5;1;1;5;1;1;5;1;1;1;1;1;Severe
5;2;2;2;2;2;2;2;2;2;2;2;2;2;Mild
1;1;1;5;5;1;5;5;1;5;5;5;5;5;Nodepression
2;5;5;1;1;5;1;1;5;1;1;1;1;1;Moderate
5;2;2;2;2;2;2;2;2;2;2;2;2;2;Severe
1;1;1;5;5;1;5;5;1;5;5;5;5;5;Mild
2;5;5;1;1;5;1;1;5;1;1;1;1;1;Nodepression
5;2;2;2;2;2;2;2;2;2;2;2;2;2;Moderate
1;1;1;5;5;1;5;5;1;5;5;5;5;5;Severe
2;5;5;1;1;5;1;1;5;1;1;1;1;1;Mild
5;2;2;2;2;2;2;2;2;2;2;2;2;2;Nodepression
1;1;1;5;5;1;5;5;1;5;5;5;5;5;Moderate
2;5;5;1;1;5;1;1;5;1;1;1;1;1;Severe
5;2;2;2;2;2;2;2;2;2;2;2;2;2;Mild
1;1;1;5;5;1;5;5;1;5;5;5;5;5;Moderate
2;5;5;1;1;5;1;1;5;1;1;1;1;1;Mild
5;2;2;2;2;2;2;2;2;2;2;2;2;2;Nodepression
1;1;1;5;5;1;5;5;1;5;5;5;5;5;Severe
2;5;5;1;1;5;1;1;5;1;1;1;1;1;Nodepression
5;2;2;2;2;2;2;2;2;2;2;2;2;2;Mild
1;1;1;5;5;1;5;5;1;5;5;5;5;5;Nodepression
2;5;5;1;1;5;1;1;5;1;1;1;1;1;Severe
5;2;2;2;2;2;2;2;2;2;2;2;2;2;Moderate
6;1;1;5;5;1;5;5;1;5;5;5;5;5;Nodepression
2;5;5;6;6;5;6;6;5;6;6;6;6;6;Mild
5;2;2;2;2;2;2;2;2;2;2;2;2;2;Nodepression
1;1;1;5;5;1;5;5;1;5;5;5;5;5;Mild
2;5;5;1;1;5;1;1;5;1;1;1;1;1;Moderate
5;2;2;2;2;2;2;2;2;2;2;2;2;2;Severe
1;1;1;5;5;1;5;5;1;5;5;5;5;5;Nodepression
2;5;5;1;1;5;1;1;5;1;1;1;1;1;Nodepression
5;2;2;2;2;2;2;2;2;2;2;2;2;2;Moderate
1;1;1;5;5;1;5;5;1;5;5;5;5;5;Severe
2;5;5;1;1;5;1;1;5;1;1;1;1;1;Mild
5;2;2;2;2;2;2;2;2;2;2;2;2;2;Nodepression
1;1;1;5;5;1;5;5;1;5;5;5;5;5;Moderate
2;5;5;1;1;5;1;1;5;1;1;1;1;1;Severe
5;2;2;2;2;2;2;2;2;2;2;2;2;2;Nodepression
1;1;1;5;5;1;5;5;1;5;5;5;5;5;Mild
2;5;5;1;1;5;1;1;5;1;1;1;1;1;Moderate
5;2;2;2;2;2;2;2;2;2;2;2;2;2;Severe
1;1;1;5;5;1;5;5;1;5;5;5;5;5;Nodepression
2;5;5;1;1;5;1;1;5;1;1;1;1;1;Nodepression
5;2;2;2;2;2;2;2;2;2;2;2;2;2;Mild
1;1;1;5;5;1;5;5;1;5;5;5;5;5;Moderate
2;5;5;1;1;5;1;1;5;1;1;1;1;1;Severe
5;2;2;2;2;2;2;2;2;2;2;2;2;2;Nodepression
1;1;1;5;5;1;5;5;1;5;5;5;5;5;Nodepression
2;5;5;1;1;5;1;1;5;1;1;1;1;1;Mild
5;2;2;2;2;2;2;2;2;2;2;2;2;2;Moderate
1;1;1;5;5;1;5;5;1;5;5;5;5;5;Severe
2;5;5;1;1;5;1;1;5;1;1;1;1;1;Nodepression
5;2;2;2;2;2;2;2;2;2;2;2;2;2;Nodepression
1;1;1;5;5;1;5;5;1;5;5;5;5;5;Mild
2;5;5;1;1;5;1;1;5;1;1;1;1;1;Moderate
5;2;2;2;2;2;2;2;2;2;2;2;2;2;Severe
1;1;1;5;5;1;5;5;1;5;5;5;5;5;Nodepression
2;5;5;1;1;5;1;1;5;1;1;1;1;1;Severe
5;2;2;2;2;2;2;2;2;2;2;2;2;2;Moderate
6;1;1;5;5;1;5;5;1;5;5;5;5;5;Mild
2;5;5;6;6;5;6;6;5;6;6;6;6;6;Nodepression
5;2;2;2;2;2;2;2;2;2;2;2;2;2;Mild
1;1;1;5;5;1;5;5;1;5;5;5;5;5;Nodepression
2;5;5;1;1;5;1;1;5;1;1;1;1;1;Mild
5;2;2;2;2;2;2;2;2;2;2;2;2;2;Severe
1;1;1;5;5;1;5;5;1;5;5;5;5;5;Moderate
2;5;5;1;1;5;1;1;5;1;1;1;1;1;Nodepression
5;2;2;2;2;2;2;2;2;2;2;2;2;2;Nodepression
1;1;1;5;5;1;5;5;1;5;5;5;5;5;Mild
2;5;5;1;1;5;1;1;5;1;1;1;1;1;Moderate
5;2;2;2;2;2;2;2;2;2;2;2;2;2;Severe
1;1;1;5;5;1;5;5;1;5;5;5;5;5;Nodepression
2;5;5;1;1;5;1;1;5;1;1;1;1;1;Moderate
5;2;2;2;2;2;2;2;2;2;2;2;2;2;Mild
1;1;1;5;5;1;5;5;1;5;5;5;5;5;Moderate
2;5;5;1;1;5;1;1;5;1;1;1;1;1;Mild
5;2;2;2;2;2;2;2;2;2;2;2;2;2;Nodepression
1;1;1;5;5;1;5;5;1;5;5;5;5;5;Severe
2;5;5;1;1;5;1;1;5;1;1;1;1;1;Nodepression
5;2;2;2;2;2;2;2;2;2;2;2;2;2;Mild
1;1;1;5;5;1;5;5;1;5;5;5;5;5;Nodepression
2;5;5;1;1;5;1;1;5;1;1;1;1;1;Severe
5;2;2;2;2;2;2;2;2;2;2;2;2;2;Moderate
6;1;1;5;5;1;5;5;1;5;5;5;5;5;Nodepression
2;5;5;6;6;5;6;6;5;6;6;6;6;6;Mild
5;2;2;2;2;2;2;2;2;2;2;2;2;2;Nodepression
1;1;1;5;5;1;5;5;1;5;5;5;5;5;Mild
2;5;5;1;1;5;1;1;5;1;1;1;1;1;Moderate
5;2;2;2;2;2;2;2;2;2;2;2;2;2;Severe
1;1;1;5;5;1;5;5;1;5;5;5;5;5;Nodepression
2;5;5;1;1;5;1;1;5;1;1;1;1;1;Nodepression
5;2;2;2;2;2;2;2;2;2;2;2;2;2;Moderate
1;1;1;5;5;1;5;5;1;5;5;5;5;5;Severe
2;5;5;1;1;5;1;1;5;1;1;1;1;1;Mild
5;2;2;2;2;2;2;2;2;2;2;2;2;2;Nodepression
1;1;1;5;5;1;5;5;1;5;5;5;5;5;Moderate
2;5;5;1;1;5;1;1;5;1;1;1;1;1;Severe
5;2;2;2;2;2;2;2;2;2;2;2;2;2;Nodepression
1;1;1;5;5;1;5;5;1;5;5;5;5;5;Mild
2;5;5;1;1;5;1;1;5;1;1;1;1;1;Moderate
5;2;2;2;2;2;2;2;2;2;2;2;2;2;Severe
1;1;1;5;5;1;5;5;1;5;5;5;5;5;Nodepression
2;5;5;1;1;5;1;1;5;1;1;1;1;1;Nodepression
5;2;2;2;2;2;2;2;2;2;2;2;2;2;Mild
1;1;1;5;5;1;5;5;1;5;5;5;5;5;Moderate
2;5;5;1;1;5;1;1;5;1;1;1;1;1;Severe
5;2;2;2;2;2;2;2;2;2;2;2;2;2;Nodepression
1;1;1;5;5;1;5;5;1;5;5;5;5;5;Nodepression
2;5;5;1;1;5;1;1;5;1;1;1;1;1;Mild
5;2;2;2;2;2;2;2;2;2;2;2;2;2;Moderate
1;1;1;5;5;1;5;5;1;5;5;5;5;5;Severe
2;5;5;1;1;5;1;1;5;1;1;1;1;1;Nodepression
5;2;2;2;2;2;2;2;2;2;2;2;2;2;Nodepression
1;1;1;5;5;1;5;5;1;5;5;5;5;5;Mild
2;5;5;1;1;5;1;1;5;1;1;1;1;1;Moderate
5;2;2;2;2;2;2;2;2;2;2;2;2;2;Severe
1;1;1;5;5;1;5;5;1;5;5;5;5;5;Nodepression
2;5;5;1;1;5;1;1;5;1;1;1;1;1;Severe
5;2;2;2;2;2;2;2;2;2;2;2;2;2;Moderate
6;1;1;5;5;1;5;5;1;5;5;5;5;5;Mild
2;5;5;6;6;5;6;6;5;6;6;6;6;6;Nodepression
5;2;2;2;2;2;2;2;2;2;2;2;2;2;Mild
1;1;1;5;5;1;5;5;1;5;5;5;5;5;Nodepression
2;5;5;1;1;5;1;1;5;1;1;1;1;1;Mild
5;2;2;2;2;2;2;2;2;2;2;2;2;2;Severe
1;1;1;5;5;1;5;5;1;5;5;5;5;5;Moderate
2;5;5;1;1;5;1;1;5;1;1;1;1;1;Nodepression
5;2;2;2;2;2;2;2;2;2;2;2;2;2;Nodepression
1;1;1;5;5;1;5;5;1;5;5;5;5;5;Mild
2;5;5;1;1;5;1;1;5;1;1;1;1;1;Moderate
5;2;2;2;2;2;2;2;2;2;2;2;2;2;Severe
1;1;1;5;5;1;5;5;1;5;5;5;5;5;Nodepression
2;5;5;1;1;5;1;1;5;1;1;1;1;1;Moderate
5;2;2;2;2;2;2;2;2;2;2;2;2;2;Mild
1;1;1;5;5;1;5;5;1;5;5;5;5;5;Severe
2;5;5;1;1;5;1;1;5;1;1;1;1;1;Mild
5;2;2;2;2;2;2;2;2;2;2;2;2;2;Nodepression
1;1;1;5;5;1;5;5;1;5;5;5;5;5;Moderate
2;5;5;1;1;5;1;1;5;1;1;1;1;1;Nodepression
5;2;2;2;2;2;2;2;2;2;2;2;2;2;Severe
1;1;1;5;5;1;5;5;1;5;5;5;5;5;Nodepression
2;5;5;1;1;5;1;1;5;1;1;1;1;1;Severe
5;2;2;2;2;2;2;2;2;2;2;2;2;2;Moderate
6;1;1;5;5;1;5;5;1;5;5;5;5;5;Mild
2;5;5;6;6;5;6;6;5;6;6;6;6;6;Nodepression
5;2;2;2;2;2;2;2;2;2;2;2;2;2;Mild
1;1;1;5;5;1;5;5;1;5;5;5;5;5;Nodepression
2;5;5;1;1;5;1;1;5;1;1;1;1;1;Mild
5;2;2;2;2;2;2;2;2;2;2;2;2;2;Severe
1;1;1;5;5;1;5;5;1;5;5;5;5;5;Moderate
2;5;5;1;1;5;1;1;5;1;1;1;1;1;Nodepression
5;2;2;2;2;2;2;2;2;2;2;2;2;2;Nodepression
1;1;1;5;5;1;5;5;1;5;5;5;5;5;Mild
2;5;5;1;1;5;1;1;5;1;1;1;1;1;Moderate
5;2;2;2;2;2;2;2;2;2;2;2;2;2;Severe
1;1;1;5;5;1;5;5;1;5;5;5;5;5;Nodepression
2;5;5;1;1;5;1;1;5;1;1;1;1;1;Moderate
5;2;2;2;2;2;2;2;2;2;2;2;2;2;Mild
1;1;1;5;5;1;5;5;1;5;5;5;5;5;Severe
2;5;5;1;1;5;1;1;5;1;1;1;1;1;Mild
5;2;2;2;2;2;2;2;2;2;2;2;2;2;Nodepression
1;1;1;5;5;1;5;5;1;5;5;5;5;5;Moderate
2;5;5;1;1;5;1;1;5;1;1;1;1;1;Nodepression
5;2;2;2;2;2;2;2;2;2;2;2;2;2;Severe
1;1;1;5;5;1;5;5;1;5;5;5;5;5;Nodepression
2;5;5;1;1;5;1;1;5;1;1;1;1;1;Severe
5;2;2;2;2;2;2;2;2;2;2;2;2;2;Moderate
6;1;1;5;5;1;5;5;1;5;5;5;5;5;Mild
2;5;5;6;6;5;6;6;5;6;6;6;6;6;Nodepression
5;2;2;2;2;2;2;2;2;2;2;2;2;2;Mild
1;1;1;5;5;1;5;5;1;5;5;5;5;5;Nodepression
2;5;5;1;1;5;1;1;5;1;1;1;1;1;Mild
5;2;2;2;2;2;2;2;2;2;2;2;2;2;Severe
1;1;1;5;5;1;5;5;1;5;5;5;5;5;Moderate
2;5;5;1;1;5;1;1;5;1;1;1;1;1;Nodepression
5;2;2;2;2;2;2;2;2;2;2;2;2;2;Nodepression
1;1;1;5;5;1;5;5;1;5;5;5;5;5;Mild
2;5;5;1;1;5;1;1;5;1;1;1;1;1;Moderate
5;2;2;2;2;2;2;2;2;2;2;2;2;2;Severe
1;1;1;5;5;1;5;5;1;5;5;5;5;5;Nodepression
2;5;5;1;1;5;1;1;5;1;1;1;1;1;Moderate
5;2;2;2;2;2;2;2;2;2;2;2;2;2;Mild
1;1;1;5;5;1;5;5;1;5;5;5;5;5;Severe
2;5;5;1;1;5;1;1;5;1;1;1;1;1;Mild
5;2;2;2;2;2;2;2;2;2;2;2;2;2;Nodepression
1;1;1;5;5;1;5;5;1;5;5;5;5;5;Moderate
2;5;5;1;1;5;1;1;5;1;1;1;1;1;Nodepression
5;2;2;2;2;2;2;2;2;2;2;2;2;2;Severe
1;1;1;5;5;1;5;5;1;5;5;5;5;5;Nodepression
2;5;5;1;1;5;1;1;5;1;1;1;1;1;Severe
5;2;2;2;2;2;2;2;2;2;2;2;2;2;Moderate
6;1;1;5;5;1;5;5;1;5;5;5;5;5;Mild
2;5;5;6;6;5;6;6;5;6;6;6;6;6;Nodepression
5;2;2;2;2;2;2;2;2;2;2;2;2;2;Mild
1;1;1;5;5;1;5;5;1;5;5;5;5;5;Nodepression
2;5;5;1;1;5;1;1;5;1;1;1;1;1;Mild
5;2;2;2;2;2;2;2;2;2;2;2;2;2;Severe
1;1;1;5;5;1;5;5;1;5;5;5;5;5;Moderate
2;5;5;1;1;5;1;1;5;1;1;1;1;1;Nodepression
5;2;2;2;2;2;2;2;2;2;2;2;2;2;Nodepression
1;1;1;5;5;1;5;5;1;5;5;5;5;5;Mild
2;5;5;1;1;5;1;1;5;1;1;1;1;1;Moderate
5;2;2;2;2;2;2;2;2;2;2;2;2;2;Severe
1;1;1;5;5;1;5;5;1;5;5;5;5;5;Nodepression
2;5;5;1;1;5;1;1;5;1;1;1;1;1;Moderate
5;2;2;2;2;2;2;2;2;2;2;2;2;2;Mild
1;2;1;5;5;2;5;5;2;5;5;5;5;5;Moderate
2;5;5;2;1;5;1;2;5;1;2;2;1;1;Mild
5;1;2;2;2;1;2;2;1;2;1;2;2;2;Nodepression
1;1;1;5;5;1;5;5;1;5;5;5;5;5;Severe
2;5;5;1;1;5;2;1;5;2;2;1;2;1;Nodepression
5;2;2;2;2;2;2;2;2;2;2;2;2;2;Mild
1;2;1;5;5;2;5;5;2;5;5;5;5;5;Nodepression
2;5;5;1;1;5;2;1;5;1;2;2;1;1;Severe
5;2;2;2;2;2;2;2;2;2;2;2;2;2;Moderate
6;1;1;5;5;1;5;5;2;5;5;5;5;5;Nodepression
2;5;5;6;6;5;6;6;5;6;6;6;6;6;Mild
5;2;2;2;2;2;2;2;2;2;2;2;2;2;Nodepression
1;1;1;5;5;1;5;5;2;5;5;5;5;5;Mild
2;5;5;2;1;5;1;1;5;2;2;1;1;1;Moderate
5;2;2;2;2;2;2;2;2;2;2;2;2;2;Severe
1;1;1;5;5;1;5;5;2;5;5;5;5;5;Nodepression
2;5;5;1;1;5;2;1;5;1;2;2;1;1;Nodepression
5;2;2;2;2;2;2;2;2;2;2;2;2;2;Moderate
1;1;1;5;5;2;5;5;1;5;5;5;5;5;Severe
2;5;5;1;1;5;2;1;5;2;2;1;2;1;Mild
5;2;2;2;2;2;2;2;2;2;2;2;2;2;Nodepression
1;1;1;5;5;1;5;5;2;5;5;5;5;5;Moderate
2;5;5;1;1;5;2;1;5;2;2;1;2;1;Severe
5;2;2;2;2;2;2;2;2;2;2;2;2;2;Nodepression
1;1;2;5;5;1;5;5;1;5;5;5;5;5;Mild
2;5;5;1;2;5;1;1;5;2;1;1;1;1;Moderate
5;2;2;2;2;2;2;2;2;2;2;2;2;2;Severe
1;1;1;5;5;1;5;5;1;5;5;5;5;5;Nodepression
2;5;5;2;1;5;1;1;5;2;2;1;1;1;Nodepression
5;2;2;2;2;2;2;2;2;2;2;2;2;2;Mild
1;1;1;5;5;1;5;5;1;5;5;5;5;5;Moderate
2;5;5;1;1;5;2;1;5;1;2;2;1;1;Severe
5;2;2;2;2;2;2;2;2;2;2;2;2;2;Moderate
1;1;1;5;5;2;5;5;1;5;5;5;5;5;Mild
2;5;5;1;1;5;1;2;5;1;1;1;1;1;Moderate
5;2;2;2;2;2;2;2;2;2;2;2;2;2;Severe
1;1;1;5;5;1;5;5;1;5;5;5;5;5;Nodepression
2;5;5;2;1;5;1;1;5;2;2;1;1;1;Severe
5;2;2;2;2;2;2;2;2;2;2;2;2;2;Moderate
6;1;1;5;5;1;5;5;1;5;5;5;5;5;Mild
2;5;5;6;6;5;6;6;5;6;6;6;6;6;Nodepression
5;2;2;2;2;2;2;2;2;2;2;2;2;2;Mild
1;1;1;5;5;1;5;5;2;5;5;5;5;5;Nodepression
2;5;5;1;1;5;1;2;5;1;1;1;1;1;Mild
5;2;2;2;2;2;2;2;2;2;2;2;2;2;Severe
1;1;1;5;5;1;5;5;2;5;5;5;5;5;Moderate
2;5;5;1;1;5;1;1;5;1;2;2;1;1;Nodepression
5;2;2;2;2;2;2;2;2;2;2;2;2;2;Nodepression
1;1;1;5;5;1;5;5;2;5;5;5;5;5;Mild
1;2;1;5;5;2;5;5;2;5;5;5;5;5;"	Moderate"
2;5;5;2;1;5;1;2;5;1;2;2;1;1;"	Mild"
5;1;2;2;2;1;2;2;1;2;1;2;2;2;"	Nodepression"
1;1;1;5;5;1;5;5;1;5;5;5;5;5;"	Severe"
2;5;5;1;1;5;2;1;5;2;2;1;2;2;"	Nodepression"
5;2;2;2;2;2;2;2;2;2;2;2;2;2;"	Mild"
1;2;1;5;5;2;5;5;2;5;5;5;5;5;"	Nodepression"
2;5;5;1;1;5;2;1;5;1;2;2;1;1;"	Severe"
5;2;2;2;2;2;2;2;2;2;2;2;2;2;"	Moderate"
6;1;1;5;5;1;5;5;2;5;5;5;5;5;"	Nodepression"
2;5;5;6;6;5;6;6;5;6;6;6;6;6;"	Mild"
5;2;2;2;2;2;2;2;2;2;2;2;2;2;"	Nodepression"
1;1;1;5;5;1;5;5;2;5;5;5;5;5;"	Mild"
2;5;5;2;1;5;1;1;5;2;2;1;1;1;"	Moderate"
5;2;2;2;2;2;2;2;2;2;2;2;2;2;"	Severe"
1;1;1;5;5;1;5;5;2;5;5;5;5;5;"	Nodepression"
2;5;5;1;1;5;2;1;5;1;2;2;1;1;"	Nodepression"
5;2;2;2;2;2;2;2;2;2;2;2;2;2;"	Moderate"
1;1;1;5;5;2;5;5;1;5;5;5;5;5;"	Severe"
2;5;5;1;1;5;2;1;5;2;2;1;2;2;"	Mild"
5;2;2;2;2;2;2;2;2;2;2;2;2;2;"	Nodepression"
1;1;1;5;5;1;5;5;2;5;5;5;5;5;"	Moderate"
2;5;5;1;1;5;2;1;5;2;2;1;2;2;"	Severe"
5;2;2;2;2;2;2;2;2;2;2;2;2;2;"	Nodepression"
1;1;2;5;5;1;5;5;1;5;5;5;5;5;"	Mild"
2;5;5;1;2;5;1;1;5;2;1;1;1;1;"	Moderate"
5;2;2;2;2;2;2;2;2;2;2;2;2;2;"	Severe"
1;1;1;5;5;1;5;5;1;5;5;5;5;5;"	Nodepression"
2;5;5;2;1;5;1;1;5;2;2;1;1;1;"	Nodepression"
5;2;2;2;2;2;2;2;2;2;2;2;2;2;"	Mild"
1;1;1;5;5;1;5;5;1;5;5;5;5;5;"	Moderate"
2;5;5;1;1;5;2;1;5;1;2;2;1;1;"	Severe"
5;2;2;2;2;2;2;2;2;2;2;2;2;2;"	Moderate"
1;1;1;5;5;2;5;5;1;5;5;5;5;5;"	Mild"
2;5;5;1;1;5;1;2;5;1;1;1;1;1;"	Moderate"
5;2;2;2;2;2;2;2;2;2;2;2;2;2;"	Severe"
1;1;1;5;5;1;5;5;1;5;5;5;5;5;"	Nodepression"
2;5;5;2;1;5;1;1;5;2;2;1;1;1;"	Severe"
5;2;2;2;2;2;2;2;2;2;2;2;2;2;"	Moderate"
6;1;1;5;5;1;5;5;1;5;5;5;5;5;"	Mild"
2;5;5;6;6;5;6;6;5;6;6;6;6;6;"	Nodepression"
5;2;2;2;2;2;2;2;2;2;2;2;2;2;"	Mild"
1;1;1;5;5;1;5;5;2;5;5;5;5;5;"	Nodepression"
2;5;5;1;1;5;1;2;5;1;1;1;1;1;"	Mild"
5;2;2;2;2;2;2;2;2;2;2;2;2;2;"	Severe"
1;1;1;5;5;1;5;5;2;5;5;5;5;5;"	Moderate"
2;5;5;1;1;5;1;1;5;1;2;2;1;1;"	Nodepression"
5;2;2;2;2;2;2;2;2;2;2;2;2;5;"2	Nodepression"
1;1;1;5;5;1;5;5;2;5;5;5;5;1;"5	Nodepression"
1;1;1;5;5;1;5;5;1;5;5;5;5;2;Nodepression
2;5;5;1;1;5;1;1;5;1;1;1;1;5;Nodepression
5;2;2;2;2;2;2;2;2;2;2;2;2;2;Moderate
1;1;1;5;5;1;5;5;1;5;5;5;5;2;Severe
2;5;5;1;1;5;1;1;5;1;1;1;1;5;Mild
5;2;2;2;2;2;2;2;2;2;2;2;2;1;Nodepression
1;1;1;5;5;1;5;5;1;5;5;5;5;2;Nodepression
2;5;5;1;1;5;1;1;5;1;1;1;1;5;Severe
5;2;2;2;2;2;2;2;2;2;2;2;2;6;Moderate
6;1;1;5;5;1;5;5;1;5;5;5;5;2;Nodepression
2;5;5;6;6;5;6;6;5;6;6;6;6;5;Nodepression
5;2;2;2;2;2;2;2;2;2;2;2;2;1;Mild
1;1;1;5;5;1;5;5;1;5;5;5;5;2;Nodepression
2;5;5;1;1;5;1;1;5;1;1;1;1;5;Mild
5;2;2;2;2;2;2;2;2;2;2;2;2;1;Severe
1;1;1;5;5;1;5;5;1;5;5;5;5;2;Nodepression
2;5;5;1;1;5;1;1;5;1;1;1;1;5;Severe
5;2;2;2;2;2;2;2;2;2;2;2;2;2;Moderate
6;1;1;5;5;1;5;5;1;5;5;5;5;2;Nodepression
2;5;5;6;6;5;6;6;5;6;6;6;6;5;Nodepression
5;2;2;2;2;2;2;2;2;2;2;2;2;2;Mild
1;1;1;5;5;1;5;5;1;5;5;5;5;2;Nodepression
2;5;5;1;1;5;1;1;5;1;1;1;1;5;Mild
5;2;2;2;2;2;2;2;2;2;2;2;2;1;Severe
1;1;1;5;5;1;5;5;1;5;5;5;5;2;Nodepression
2;5;5;1;1;5;1;1;5;1;1;1;1;5;Severe
5;2;2;2;2;2;2;2;2;2;2;2;2;1;Moderate
1;1;1;5;5;1;5;5;1;5;5;5;5;2;Nodepression
2;5;5;1;1;5;1;1;5;1;1;1;1;5;Severe
5;2;2;2;2;2;2;2;2;2;2;2;2;1;Moderate
6;1;1;5;5;1;5;5;1;5;5;5;5;2;Nodepression
2;5;5;6;6;5;6;6;5;6;6;6;6;5;Nodepression
5;2;2;2;2;2;2;2;2;2;2;2;2;1;Mild
1;1;1;5;5;1;5;5;1;5;5;5;5;2;Nodepression
2;5;5;1;1;5;1;1;5;1;1;1;1;5;Mild
5;2;2;2;2;2;2;2;2;2;2;2;2;1;Severe
1;1;1;5;5;1;5;5;1;5;5;5;5;2;Nodepression
2;5;5;1;1;5;1;1;5;1;1;1;1;5;Severe
5;2;2;2;2;2;2;2;2;2;2;2;2;6;Moderate
6;1;1;5;5;1;5;5;1;5;5;5;5;2;Nodepression
2;5;5;6;6;5;6;6;5;6;6;6;6;5;Nodepression
5;2;2;2;2;2;2;2;2;2;2;2;2;1;Mild
1;1;1;5;5;1;5;5;1;5;5;5;5;2;Nodepression
2;5;5;1;1;5;1;1;5;1;1;1;1;5;Mild
5;2;2;2;2;2;2;2;2;2;2;2;2;1;Severe
1;1;1;5;5;1;5;5;1;5;5;5;5;2;Nodepression
2;5;5;1;1;5;1;1;5;1;1;1;1;1;Severe
5;2;2;2;2;2;2;2;2;2;2;2;2;2;Moderate
